{
      "21NOVVNJZ": "ciRnFWFP",
      "21NOVT8HM": "n9r2DFvX",
      "21NOVEQN2": "FAqMnzTj",
      "21NOVMRSB": "5VjEU8Ci",
      "21NOVSJDZ": "gnrESXC2",
      "21NOVFBXD": "6kUGm6Gx",
      "21NOV7NNI": "APCbBL7M",
      "21NOVWFBR": "jcekAvyY",
      "21NOVKQJ4": "nyjLFky2",
      "21NOVCRCC": "hECTHm7G",
      "21NOVUKFQ": "84X4BCNk",
      "21NOVJXTC": "jmNWwkWQ",
      "21NOV2FZF": "SF5tTVmc",
      "21NOVXXWJ": "XTNxKXDD",
      "21NOVSTZG": "ajyDN5Ge",
      "21NOVYCUX": "ZDLrDdAu",
      "21NOVTFTC": "HVijUKDo",
      "21NOV8S9Q": "Kw6vsuv4",
      "21NOV72HH": "P9qCn7Bd",
      "21NOVMDWF": "PfchQVUk",
      "21NOVHIJP": "cZi3KENC",
      "21NOVT7BT": "SGDbkXwj",
      "21NOVHTAT": "FUVEHcCd",
      "21NOVHP2U": "GjBYYCvZ",
      "21NOV4WYB": "EJDAEzGB",
      "21NOVXQUE": "KDra626j",
      "21NOVLY4X": "EfLTKzCq",
      "21NOV2CP3": "k6qbJTuQ",
      "21NOVUFEW": "2f6LHzMr",
      "21NOVXXMZ": "PR3K6dW6",
      "21NOV3WCD": "bymMYNoX",
      "21NOVYUTP": "3Ws3XhYw",
      "21NOVRPCQ": "ZnLjMaH8",
      "21NOVLNCA": "3XSPTnKu",
      "21NOVB8FB": "nC4Au8JK",
      "21NOVRSW5": "5DNQAuoJ",
      "21NOVIZXD": "JQzmGRfh",
      "21NOVBDZ7": "J9VPki5b",
      "21NOVHDQF": "g4bwXZTP",
      "21NOV6WEK": "989x7DqL",
      "21NOVQDBG": "cqtdtL3L",
      "21NOVCP9D": "7yHeV3fn",
      "21NOV7Z9V": "DBkfJFdw",
      "21NOV2YVT": "AQJKj3v7",
      "21NOVZ3ZY": "WNidwCUn",
      "21NOVMKLS": "Wm732MwL",
      "21NOVCX3C": "bypnU3xW",
      "21NOVCQWG": "5WCYW3GJ",
      "21NOVWYQA": "iNhT9ffC",
      "21NOVSTD2": "U2XiQuRd",
      "21NOVF4MB": "kp5pkBtN",
      "21NOVWL93": "8Nuwr2mQ",
      "21NOVQWHD": "D6o6aZyd",
      "21NOVJJE2": "9ppbo9yC",
      "21NOVLJJX": "M3qbwr6X",
      "21NOVTSSJ": "hSexq2Us",
      "21NOVTLDZ": "DoEd2Kdo",
      "21NOVPSFN": "nvZY5KUu",
      "21NOVJIW8": "6A4tHii3",
      "21NOVLQXC": "26TSwmTE",
      "21NOVFKI3": "68exrCFf",
      "21NOVQX7E": "N4FwbX48",
      "21NOVNSTR": "jbhG6HCX",
      "21NOVXUJB": "jYXnYAEd",
      "21NOVPVSP": "neXaun65",
      "21NOVPKDV": "YZpVEWGp",
      "21NOVCRIK": "ghXam9YS",
      "21NOV6TQU": "LQns9hTy",
      "21NOVHKZT": "RHNwBLaD",
      "21NOVTZQ5": "YhyXsNH6",
      "21NOVZSGQ": "SHPAnKZ5",
      "21NOVT7MD": "dhumaaZV",
      "21NOVWC4L": "SEZhFrUg",
      "21NOVBWPM": "cKZP7PB8",
      "21NOVEX7J": "26VKgqpQ",
      "21NOVNMKY": "HL9DczDW",
      "21NOVAVUG": "cWrR4nH6",
      "21NOV4XWE": "TM2cZXsM",
      "21NOVRNZQ": "LM9JTzcK",
      "21NOVVNTX": "E5zRMA2B",
      "21NOVA4GJ": "WumnbVJP",
      "21NOVVYXQ": "SEcoT2oW",
      "21NOV6WHJ": "S3pixVVM",
      "21NOVRT5L": "YkszVFSa",
      "21NOVZ3MZ": "UFzGHHDX",
      "21NOVODSK": "ntS5yEzm",
      "21NOVSBLB": "CnwVLiLg",
      "21NOVFW9X": "M59Qfpjx",
      "21NOVTIQY": "esBQQuBi",
      "21NOVXIH8": "Y5HhxgtD",
      "21NOVDBPN": "FLBDpJcM",
      "21NOVZMZZ": "JQZCqHUb",
      "21NOV3ZBQ": "XpKN4yLo",
      "21NOVH5OX": "2Rp8FChB",
      "21NOVKJGG": "NGQCUoAq",
      "21NOVNVWD": "i3iMpF2H",
      "21NOVNTSQ": "cBxSRaXq",
      "21NOV4PBK": "EBTYWnDh",
      "21NOV4VTU": "chztAbma",
      "21NOVSMHA": "ihnKxZmu",
      "21NOVKK4T": "4BoXP98H"
}